"","CW_3MSO_5.2","CW_OH-Alkenyl_6","CW_4MSO_7.1","CW_Allyl_7.4","CW_5MSO_10.2","CW_Butenyl_12.1","CW_Junk_13","CW_3MT_13.6","CW_MSOO_13.8","CW_OH I3M_15.1","CW_4MT _15.5","CW_Flavonol_16.1","CW_I3M_16.7","CW_Flavonol_17.5","CW_Flavonol_18.5","CW_Junk_18.7","CW_Indole_18.8","Population","mf","treatment","biomass","Elevation","Lat","Long","Seed.year","totalGSL"
"8",21.13113,56.23473,NA,1680.75964,30.32014,272.91623,NA,7.87772,32.61434,45.00288,10.03631,24.18079,236.89232,12.06604,27.42198,NA,11.15895,"SQ2",20,"CW",0.24,1934.45122,36.66557,-118.83543,2021,2468.6132
"10",NA,NA,29.0639,NA,18.63766,679.54559,NA,NA,NA,NA,NA,41.01753,33.97436,NA,9.30078,NA,NA,"CP2",11,"CW",0.12,2244.132886,38.66169,-120.13065,2020,811.53982
"15",NA,146.93394,NA,NA,39.54115,1180.94446,NA,NA,7.24676,NA,NA,13.8113,48.14072,NA,14.56241,NA,NA,"WL1",9,"CW",0.24,1613.837245,38.78608,-120.2143,2020,1451.18074
"16",74.59087,NA,14.12745,400.09747,9.84631,235.57434,NA,27.72388,61.83368,171.13037,NA,20.23449,133.13666,30.59635,86.28404,NA,5.29035,"LC",8,"CW",0.2,1362.3,39.31897,-120.65744,2022,1270.46626
"21",52.77233,NA,NA,1324.87476,50.33435,17.24932,NA,NA,23.63915,NA,NA,42.8695,36.6169,30.37157,49.5448,NA,12.66411,"SQ2",14,"CW",0.14,1934.45122,36.66557,-118.83543,2021,1640.93679
"23",NA,NA,153.85724,NA,56.13031,897.72888,NA,NA,22.45121,NA,27.01082,23.93227,123.88816,6.41065,12.60687,NA,NA,"CP2",1,"CW",0.52,2244.132886,38.66169,-120.13065,2020,1324.01641
"25",NA,NA,49.23573,11.98092,15.74996,554.77362,NA,NA,24.73297,NA,18.31303,9.07001,160.1122,NA,13.8859,NA,5.22,"YOSE8",5,"CW",0.2,2590.97836,37.81117,-119.48624,2020,863.07434
"26",NA,NA,NA,184.92499,NA,467.20676,NA,12.94427,NA,45.22648,8.26966,18.11184,19.06431,NA,30.92433,NA,6.78868,"TM2",10,"CW",0.18,379.1526973,39.59255,-121.55072,2020,793.46132
"31",NA,NA,10.39115,25.42413,14.68608,1420.86621,7.50873,NA,66.89625,19.11372,9.13355,27.06037,36.84608,NA,34.31467,NA,17.38336,"LV2",4,"CW",0.19,2500.457178,40.46563,-121.51487,2018,1682.11557
"32",61.47251,NA,72.23001,158.40591,NA,378.20834,NA,99.78745,10.12743,NA,39.44743,11.28349,61.01111,NA,26.86492,NA,5.42003,"KC2",3,"CW",0.41,948.1707317,36.82301,-118.83542,2017,924.25863
"34",23.38552,NA,31.35877,62.1262,NA,155.04837,NA,14.85751,NA,NA,6.45784,15.73882,158.88307,NA,17.2972,NA,6.43004,"CALO",3,"CW",0.11,1117.6,39.19494,-120.77055,2022,491.58334
"42",NA,NA,82.67404,14.52855,52.10976,1390.60022,9.17773,NA,10.26663,NA,7.0485,28.83949,205.15193,18.16978,30.87436,NA,6.63301,"CP2",1,"CW",0.2,2244.132886,38.66169,-120.13065,2020,1846.89627
"43",20.3854,NA,20.47568,70.10498,NA,267.14212,NA,39.88237,NA,NA,12.16709,24.19335,125.94499,NA,15.68832,NA,6.52217,"CALO",14,"CW",0.17,1117.6,39.19494,-120.77055,2022,602.50647
"45",NA,NA,56.76164,10.04725,NA,217.28288,NA,NA,NA,NA,8.19362,10.53104,159.98459,NA,21.93978,NA,6.04298,"CP2",17,"CW",0.33,2244.132886,38.66169,-120.13065,2020,490.78378
"50",13.85908,NA,NA,903.84991,29.34322,46.03882,NA,NA,8.92711,NA,7.9175,25.37411,22.95227,NA,13.07419,NA,7.48323,"SQ2",9,"CW",0.05,1934.45122,36.66557,-118.83543,2021,1078.81944
"53",24.56913,NA,NA,1030.09973,24.66764,10.05993,NA,25.39242,NA,NA,NA,9.49866,271.70328,NA,24.44686,29.93268,13.68915,"SQ1",7,"CW",0.21,1921.036585,36.56435,-118.7764,2017,1434.1268
"55",NA,NA,77.07464,11.80876,19.86656,341.54474,NA,NA,NA,NA,NA,37.38148,46.86375,NA,8.63172,NA,8.10945,"CP2",7,"CW",0.33,2244.132886,38.66169,-120.13065,2020,551.2811
"56",41.23554,NA,NA,845.30609,16.7428,9.75285,NA,9.72176,NA,NA,NA,35.27674,30.5481,15.23528,67.70325,NA,10.36231,"SQ2",14,"CW",0.34,1934.45122,36.66557,-118.83543,2021,1081.88472
"57",NA,NA,33.01287,14.73846,NA,630.37439,NA,NA,24.46518,11.68671,NA,15.69422,59.95097,NA,25.70316,NA,26.01217,"LV2",2,"CW",0.29,2500.457178,40.46563,-121.51487,2018,841.63813
"59",NA,NA,NA,49.07681,NA,264.56488,NA,23.33726,NA,NA,17.32318,10.75916,NA,NA,14.80557,NA,34.80387,"TM2",11,"CW",0.12,379.1526973,39.59255,-121.55072,2020,414.67073
"60",NA,NA,NA,11.66286,NA,429.10623,NA,NA,40.17714,NA,NA,18.84289,28.72836,NA,20.12185,NA,46.83303,"LV2",10,"CW",0.09,2500.457178,40.46563,-121.51487,2018,595.47236
"62",NA,NA,NA,17.74281,NA,985.07318,NA,NA,NA,9.83162,6.63309,NA,62.65413,NA,10.11559,NA,7.74185,"YO10",5,"CW",0.28,NA,NA,NA,NA,1099.79227
"65",35.44159,NA,43.94953,166.12114,NA,402.68689,NA,27.74233,15.99103,NA,11.88593,10.28519,636.27832,NA,35.84346,NA,7.44665,"DPR",3,"CW",0.17,1018.591893,39.22846,-120.81518,2020,1393.67206
"66",29.39281,NA,NA,601.66418,11.40157,NA,NA,NA,NA,14.43037,8.15172,16.78591,245.83968,27.30966,26.77597,NA,8.21304,"SQ2",12,"CW",0.17,1934.45122,36.66557,-118.83543,2021,989.96491
"68",NA,27.42556,NA,NA,NA,531.78265,NA,NA,NA,NA,NA,NA,198.58801,7.58743,23.82895,6.22499,8.38201,"WL1",9,"CW",0.28,1613.837245,38.78608,-120.2143,2020,797.59461
"69",NA,NA,21.73442,NA,14.45303,351.58292,NA,NA,NA,NA,NA,22.19303,53.99671,NA,13.15908,NA,7.88274,"CP2",17,"CW",0.23,2244.132886,38.66169,-120.13065,2020,485.00193
"70",NA,NA,26.55971,14.46469,NA,732.34485,NA,NA,46.92445,37.4972,NA,25.24624,44.38782,12.95773,25.65564,NA,8.67443,"LV1",9,"CW",0.24,2593.416641,40.47471,-121.50486,2018,974.71276
"72",NA,NA,18.39369,37.85765,NA,180.28786,NA,26.48844,NA,NA,8.57885,21.22155,77.9503,NA,20.02317,NA,44.38,"MtSH",9,"CW",0.13,1282,38.66767778,-122.6272806,2022,435.18151
"73",36.28445,NA,NA,1069.52795,NA,15.84291,NA,39.8838,NA,NA,14.63203,8.26569,36.22773,NA,19.58584,19.57896,12.40931,"SC",18,"CW",0.12,421.5178299,38.41167,-120.73583,2021,1252.65971
"76",18.38875,NA,15.77062,261.09058,NA,288.85782,NA,8.11261,33.87576,9.22105,NA,8.72641,365.948,NA,29.05773,8.38243,11.56263,"LC",8,"CW",0.24,1362.3,39.31897,-120.65744,2022,1050.61196
"77",NA,NA,146.28227,NA,12.1191,844.88776,NA,NA,104.96101,26.36003,14.37253,43.96533,55.32686,17.10872,44.45357,6.51974,11.35358,"LV1",10,"CW",0.33,2593.416641,40.47471,-121.50486,2018,1321.19076
"78",16.77498,NA,NA,902.92175,NA,NA,NA,NA,15.26537,NA,NA,19.45854,156.81363,NA,24.52959,NA,9.67337,"SQ2",15,"CW",0.35,1934.45122,36.66557,-118.83543,2021,1145.43723
"81",NA,NA,NA,948.64471,NA,12.46357,NA,NA,17.40844,7.94471,6.8428,15.54604,522.53937,NA,32.54964,NA,9.00206,"SQ2",18,"CW",0.18,1934.45122,36.66557,-118.83543,2021,1572.94134
"82",NA,NA,14.73717,29.81849,22.57539,1291.36865,8.56438,NA,82.2834,22.08462,NA,16.93958,138.07335,NA,26.43872,NA,9.51271,"LV2",5,"CW",0.18,2500.457178,40.46563,-121.51487,2018,1653.83208
"87",NA,NA,41.62629,40.3919,NA,283.24597,NA,22.36458,13.38467,NA,28.66327,18.48383,99.94135,NA,22.08705,NA,6.91104,"CALO",14,"CW",0.3,1117.6,39.19494,-120.77055,2022,577.09995
"89",NA,224.06863,35.42372,13.48699,11.55882,442.8111,NA,NA,NA,NA,NA,9.25884,396.36249,NA,34.86601,NA,9.57318,"WL3",14,"CW",0.29,2137.762877,38.83528,-120.23824,2020,1177.40978
"90",NA,NA,75.1249,17.17561,NA,1110.43115,8.76902,NA,109.54685,14.76631,13.11741,29.04716,36.96537,12.59168,30.56567,NA,10.78001,"LV1",19,"CW",0.18,2593.416641,40.47471,-121.50486,2018,1460.11212
"91",NA,NA,60.95072,25.58154,NA,1379.65393,10.69815,NA,66.28093,19.46821,18.04686,32.33707,139.24141,83.04648,112.63039,NA,7.82499,"LV1",14,"CW",0.18,2593.416641,40.47471,-121.50486,2018,1945.06253
"92",46.63496,NA,NA,412.05682,NA,15.37228,NA,34.13067,NA,NA,NA,6.77891,60.85022,NA,34.9189,NA,34.3234,"SC",7,"CW",0.14,421.5178299,38.41167,-120.73583,2021,645.06616
"96",NA,NA,37.0802,92.94505,NA,585.96155,NA,16.42114,NA,NA,22.67914,12.32071,40.36169,NA,32.93847,17.59052,15.05445,"TM2",7,"CW",0.29,379.1526973,39.59255,-121.55072,2020,855.7624
"98",26.38063,NA,18.50758,36.65122,NA,67.4339,NA,NA,NA,6.25629,NA,NA,39.69078,NA,17.7727,NA,9.97253,"RB",1,"CW",0.51,787,40.01362,-121.18498,2010,222.66563
"100",31.43873,NA,NA,599.22467,NA,20.49561,NA,51.01878,45.06938,7.35133,12.11376,13.5891,107.96035,NA,44.0093,NA,12.86921,"BH",9,"CW",0.1,511.4294422,37.40985,-119.96458,2018,945.14022
"101",NA,101.63408,33.70129,NA,22.01256,389.62231,NA,NA,NA,NA,NA,20.24488,221.47336,NA,40.10144,NA,10.82282,"CP2",15,"CW",0.42,2244.132886,38.66169,-120.13065,2020,839.61274
"106",NA,NA,98.49654,33.15458,21.24043,1224.78943,10.31656,NA,121.0619,9.03993,15.46268,26.03828,423.74753,NA,40.36076,NA,NA,"LV2",4,"CW",0.19,2500.457178,40.46563,-121.51487,2018,2013.39206
"110",98.75298,NA,NA,813.05627,NA,NA,NA,96.84886,NA,47.73675,12.26046,7.58762,70.44525,NA,29.80596,NA,NA,"SC",20,"CW",0.17,421.5178299,38.41167,-120.73583,2021,1176.49415
"111",NA,NA,NA,168.49442,NA,458.70181,NA,12.6022,NA,23.53554,10.9399,10.41641,39.56096,NA,25.10294,NA,NA,"TM2",5,"CW",0.08,379.1526973,39.59255,-121.55072,2020,749.35418
"112",NA,NA,11.38918,NA,16.78142,288.27362,NA,NA,NA,18.49526,NA,12.47705,225.08507,NA,63.39824,NA,32.87956,"CP2",2,"CW",0.24,2244.132886,38.66169,-120.13065,2020,668.7794
"113",16.00326,NA,12.66993,138.14221,NA,307.74442,NA,NA,NA,NA,NA,14.45084,389.55069,NA,52.95395,NA,16.95569,"DPR",3,"CW",0.12,1018.591893,39.22846,-120.81518,2020,948.47099
"114",NA,NA,NA,NA,NA,370.4628,NA,NA,NA,NA,NA,12.83112,31.47488,NA,24.39286,NA,6.15817,"YOSE8",5,"CW",0.16,2590.97836,37.81117,-119.48624,2020,445.31983
"115",31.84033,NA,13.29225,71.11479,NA,217.45586,NA,18.29088,NA,7.16474,NA,22.12364,165.94981,NA,53.74354,NA,42.90907,"CALO",1,"CW",0.16,1117.6,39.19494,-120.77055,2022,643.88491
"116",37.05444,NA,39.49047,48.1398,NA,138.83954,NA,NA,9.89365,188.76886,NA,16.46571,128.23106,52.82243,64.83763,NA,NA,"TFC",2,"CW",0.38,1085,39.42772,-120.93623,2021,724.54359
"118",48.86951,NA,NA,193.35022,NA,61.54543,NA,24.12691,NA,9.76658,NA,NA,30.9251,NA,52.64734,NA,57.32676,"RB",12,"CW",0.26,787,40.01362,-121.18498,2010,478.55785
"121",101.71136,NA,21.04375,607.53119,NA,452.87094,NA,28.90315,NA,52.6206,NA,NA,1036.76758,16.61243,65.40763,NA,11.04292,"LC",7,"CW",0.41,1362.3,39.31897,-120.65744,2022,2394.51155
"122",NA,NA,37.96098,40.634,25.49934,1575.552,13.38324,82.17493,NA,40.90611,NA,42.81673,60.75003,NA,68.15504,NA,24.18946,"LV2",8,"CW",0.11,2500.457178,40.46563,-121.51487,2018,1998.63862
"123",54.01649,NA,NA,1142.42798,NA,33.15191,NA,55.53913,NA,13.53547,NA,8.28667,38.61904,NA,47.13193,NA,NA,"SC",18,"CW",0.1,421.5178299,38.41167,-120.73583,2021,1392.70862
"124",91.68644,NA,27.81282,320.35785,NA,335.88495,NA,20.88614,NA,8.92481,9.24902,11.84902,455.65958,NA,62.4575,NA,11.90158,"LC",10,"CW",0.37,1362.3,39.31897,-120.65744,2022,1356.66971
"125",136.20453,NA,NA,557.86572,84.69944,NA,NA,17.09467,NA,NA,NA,24.54576,66.66208,16.60269,42.10771,NA,NA,"SQ2",15,"CW",0.21,1934.45122,36.66557,-118.83543,2021,945.7826
"128",NA,NA,51.37107,NA,NA,368.67648,NA,NA,NA,NA,NA,11.58544,38.80024,NA,25.62643,NA,32.32697,"CP2",13,"CW",0.3,2244.132886,38.66169,-120.13065,2020,528.38663
"129",66.856,134.40587,23.04888,304.01434,NA,524.24683,NA,54.22534,NA,NA,23.39249,9.42917,NA,NA,14.75478,NA,7.63928,"KC2",11,"CW",0.13,948.1707317,36.82301,-118.83542,2017,1162.01298
"133",24.27959,NA,NA,522.35645,NA,132.97873,NA,34.1317,NA,10.07574,NA,26.90035,101.96323,NA,48.74755,NA,28.0017,"BH",5,"CW",0.17,511.4294422,37.40985,-119.96458,2018,929.43504
"134",NA,NA,NA,NA,NA,760.71338,NA,NA,NA,NA,NA,27.53815,NA,NA,29.69757,NA,28.38777,"MtSH",9,"CW",0.28,1282,38.66767778,-122.6272806,2022,846.33687
"135",100.03138,NA,NA,421.86566,NA,31.47626,NA,54.24597,NA,45.59708,NA,7.01771,153.93898,13.67264,27.16072,NA,5.72285,"SC",7,"CW",0.15,421.5178299,38.41167,-120.73583,2021,860.72925
"137",NA,NA,87.2592,26.85467,NA,1864.04272,20.98427,109.86611,NA,145.29639,21.26746,50.88174,135.92429,95.86389,151.94122,NA,7.45049,"LV1",13,"CW",0.27,2593.416641,40.47471,-121.50486,2018,2696.64818
"139",NA,NA,22.81797,15.76996,NA,224.77121,NA,10.44512,NA,NA,NA,17.92488,95.20817,NA,21.60954,NA,8.56166,"CALO",15,"CW",0.43,1117.6,39.19494,-120.77055,2022,417.10851
"140",NA,NA,NA,536.27502,NA,NA,NA,NA,NA,14.36691,NA,9.96828,112.18395,NA,21.18388,NA,5.08049,"SQ1",2,"CW",0.31,1921.036585,36.56435,-118.7764,2017,699.05853
"142",34.61031,NA,79.32322,55.38614,NA,344.41403,NA,33.06126,NA,9.38288,20.58773,23.01731,697.00739,NA,83.72917,NA,6.06892,"CALO",4,"CW",0.46,1117.6,39.19494,-120.77055,2022,1386.58836
"144",21.55285,NA,15.52655,86.09489,NA,258.08923,NA,31.39343,NA,NA,NA,21.3649,47.32018,NA,31.16782,NA,33.21774,"CALO",3,"CW",0.22,1117.6,39.19494,-120.77055,2022,545.72759
"145",66.09306,NA,NA,793.48242,NA,40.10754,NA,42.50298,NA,NA,NA,11.92142,9.25007,NA,23.82084,NA,8.8498,"SC",19,"CW",0.07,421.5178299,38.41167,-120.73583,2021,996.02813
"146",122.89047,NA,NA,593.94885,NA,17.28439,NA,46.46416,NA,NA,NA,NA,NA,NA,19.41444,NA,41.67396,"IH",1,"CW",0.1,454.1298385,39.09332,-120.92114,2020,841.67627
"147",NA,164.66798,21.68218,NA,43.61164,391.90387,NA,NA,NA,NA,9.2727,42.12585,NA,15.70787,63.66779,NA,8.36614,"WL2",11,"CW",0.32,2020.115818,38.8263,-120.25242,2020,761.00602
"148",25.21057,NA,27.8444,39.09104,NA,130.90157,NA,11.66581,NA,NA,NA,17.46644,168.97736,NA,35.80042,NA,30.5197,"CALO",2,"CW",0.45,1117.6,39.19494,-120.77055,2022,487.47731
"150",NA,NA,23.92521,22.53256,NA,252.46712,NA,21.81034,NA,NA,45.06731,13.23376,NA,NA,29.36211,NA,9.71622,"TM2",3,"CW",0.14,379.1526973,39.59255,-121.55072,2020,418.11463
"153",NA,NA,NA,637.69391,35.9874,30.37357,NA,NA,9.66639,NA,NA,10.9045,96.75838,NA,21.05511,NA,40.30977,"LC",10,"CW",0.33,1362.3,39.31897,-120.65744,2022,882.74903
"155",NA,NA,36.48586,NA,NA,212.90941,NA,NA,NA,NA,NA,16.12886,450.77869,NA,49.77603,35.74632,15.42371,"CP2",14,"CW",0.24,2244.132886,38.66169,-120.13065,2020,781.50256
"156",NA,NA,44.49602,13.89088,NA,1082.75269,11.30369,NA,85.75382,NA,29.11982,25.72775,22.56154,NA,35.48731,NA,36.48065,"DPR",10,"CW",0.23,1018.591893,39.22846,-120.81518,2020,1376.27048
"157",35.88238,NA,NA,259.59073,NA,274.08383,NA,33.00901,25.25982,NA,NA,10.82043,23.90289,27.58732,97.40516,NA,10.41095,"TFC",2,"CW",0.29,1085,39.42772,-120.93623,2021,797.95252
"161",44.99855,NA,NA,253.67984,NA,41.04061,NA,NA,87.95624,NA,11.72419,8.11348,15.67885,16.52942,25.52154,NA,7.914,"YOSE8",1,"CW",0.09,2590.97836,37.81117,-119.48624,2020,513.15672
"163",142.31555,NA,51.6772,804.13525,NA,287.96729,NA,NA,143.28021,NA,69.24629,37.38031,416.81073,NA,108.22887,34.47942,16.60418,"LV2",9,"CW",0.11,2500.457178,40.46563,-121.51487,2018,2077.64588
"164",NA,NA,NA,NA,32.06412,1103.8772,10.43533,NA,NA,NA,NA,26.23447,141.978,NA,64.4868,13.61101,26.77859,"IH",9,"CW",0.2,454.1298385,39.09332,-120.92114,2020,1395.41918
"166",NA,NA,51.73941,17.52366,NA,258.49966,NA,NA,24.22189,NA,71.76653,30.55096,51.65844,NA,48.15413,NA,80.46079,"IH",10,"CW",0.17,454.1298385,39.09332,-120.92114,2020,634.57547
"167",NA,NA,44.27076,17.25258,NA,146.90495,NA,NA,34.13763,NA,62.79377,31.76365,NA,10.44703,70.39075,NA,29.74275,"WL2",1,"CW",0.13,2020.115818,38.8263,-120.25242,2020,447.70387
"172",NA,NA,78.79494,NA,26.85981,1023.58588,NA,NA,71.50494,NA,35.35194,25.89827,40.50755,NA,47.8175,NA,73.94879,"WL3",1,"CW",0.32,2137.762877,38.83528,-120.23824,2020,1424.26962
"173",NA,NA,74.28226,NA,NA,605.82324,NA,NA,62.08115,NA,26.57166,42.66348,NA,18.08109,51.86441,NA,10.93943,"CP2",11,"CW",0.68,2244.132886,38.66169,-120.13065,2020,892.30672
"174",NA,NA,NA,NA,NA,442.77219,NA,NA,NA,NA,10.25578,22.71957,11.8741,7.79533,51.43486,NA,49.16248,"TM2",4,"CW",0.34,379.1526973,39.59255,-121.55072,2020,596.01431
"175",NA,61.58524,NA,42.83333,NA,920.04736,8.49087,NA,NA,NA,NA,25.59414,25.52615,6.5338,42.57584,NA,10.3138,"SC",20,"CW",0.12,421.5178299,38.41167,-120.73583,2021,1135.00966
"177",NA,35.88474,24.40074,NA,15.23972,428.67313,NA,NA,NA,NA,NA,16.46754,25.31389,NA,26.84329,NA,41.59339,"CALO",17,"CW",0.16,1117.6,39.19494,-120.77055,2022,614.41644
"181",NA,NA,30.31368,NA,13.4717,475.36383,NA,NA,NA,NA,NA,24.1123,307.43484,NA,49.99352,21.491,15.34224,"RB",12,"CW",0.1,787,40.01362,-121.18498,2010,916.03211
"187",NA,NA,94.30883,NA,36.6807,309.18973,NA,NA,NA,NA,15.06297,21.10706,22.69039,NA,36.14654,NA,34.78889,"TM2",7,"CW",0.12,379.1526973,39.59255,-121.55072,2020,569.97511
"189",47.18037,NA,NA,992.28894,60.14174,378.7179,NA,NA,31.80552,NA,13.4956,30.62553,106.64635,18.44673,149.97202,NA,9.929,"IH",1,"CW",0.25,454.1298385,39.09332,-120.92114,2020,1839.2497
"191",NA,NA,80.95077,NA,NA,433.46686,NA,NA,53.38821,NA,18.3457,48.72227,10.50989,9.34715,43.58305,NA,12.31852,"CALO",16,"CW",0.09,1117.6,39.19494,-120.77055,2022,710.63242
"193",24.61815,NA,NA,117.79003,NA,461.59506,NA,79.61486,NA,NA,NA,36.78617,NA,11.78513,58.32275,NA,14.191,"WL1",2,"CW",0.23,1613.837245,38.78608,-120.2143,2020,804.70315
"194",NA,120.30284,60.8937,NA,NA,168.03502,NA,NA,NA,NA,NA,11.46307,198.63205,NA,40.09261,22.29155,19.01385,"BH",7,"CW",0.11,511.4294422,37.40985,-119.96458,2018,618.43314
"195",NA,186.7682,26.45994,NA,32.60522,650.5661,NA,NA,NA,NA,NA,13.29637,41.99581,20.34225,40.49522,NA,10.21986,"LV2",2,"CW",0.19,2500.457178,40.46563,-121.51487,2018,1022.74897
"196",42.77325,NA,14.84098,97.54661,NA,375.1626,NA,111.96899,NA,NA,19.09227,53.85435,NA,14.98194,117.979,NA,15.00362,"CALO",18,"CW",0.43,1117.6,39.19494,-120.77055,2022,863.20361
"197",NA,NA,12.23769,NA,35.29243,135.83527,NA,NA,NA,NA,NA,15.94639,NA,9.08699,21.06363,NA,14.41653,"SQ1",3,"CW",0.22,1921.036585,36.56435,-118.7764,2017,243.87893
"198",30.74951,NA,29.59467,61.65189,NA,210.37416,NA,20.43958,NA,NA,12.64296,10.44502,13.85369,NA,35.85932,NA,34.28445,"BH",17,"CW",0.22,511.4294422,37.40985,-119.96458,2018,459.89525
"200",NA,NA,NA,490.5155,19.34674,275.05652,NA,NA,170.93268,NA,10.09293,12.59403,500.88483,NA,48.97874,11.83894,8.26044,"TM2",11,"CW",0.21,379.1526973,39.59255,-121.55072,2020,1536.66241
"205",32.02591,NA,NA,482.02649,NA,44.48919,NA,28.22353,26.94882,NA,NA,7.43085,41.31725,NA,49.10357,NA,57.3707,"LC",1,"CW",0.1,1362.3,39.31897,-120.65744,2022,768.93631
"207",16.99352,NA,27.65107,112.77805,NA,416.3038,NA,29.85018,NA,NA,23.95439,9.16117,74.94034,NA,68.96446,NA,38.56384,"TFC",1,"CW",0.29,1085,39.42772,-120.93623,2021,819.16082
"210",56.78205,NA,67.91064,49.21812,NA,175.51997,NA,27.56,NA,NA,NA,21.1071,125.51842,NA,70.59915,NA,44.08303,"WL2",11,"CW",0.28,2020.115818,38.8263,-120.25242,2020,638.29848
"213",NA,NA,29.53494,20.18681,NA,536.49133,NA,28.04794,NA,NA,49.63608,13.15114,45.47428,NA,95.49467,NA,80.22502,"YO10",5,"CW",0.43,NA,NA,NA,NA,898.24221
"216",40.03468,NA,NA,416.20627,NA,NA,NA,45.6015,NA,NA,NA,11.50203,19.64931,NA,76.62127,NA,46.97392,"SQ1",5,"CW",0.4,1921.036585,36.56435,-118.7764,2017,656.58898
"220",57.51705,NA,42.54118,79.29086,NA,215.48482,NA,56.91203,NA,NA,18.88638,10.95524,45.87605,NA,49.74499,NA,11.18889,"LC",1,"CW",0.05,1362.3,39.31897,-120.65744,2022,588.39749
"221",38.98315,NA,NA,97.11104,NA,52.45895,NA,39.98735,NA,NA,NA,9.68906,16.04176,NA,63.89079,NA,56.08852,"SQ2",17,"CW",0.32,1934.45122,36.66557,-118.83543,2021,374.25062
"222",13.83114,NA,NA,212.14485,NA,435.80133,NA,NA,46.09146,NA,NA,20.87817,76.92356,NA,98.29665,NA,65.88895,"CALO",1,"CW",0.22,1117.6,39.19494,-120.77055,2022,969.85611
"223",111.28701,NA,NA,222.28719,NA,20.73967,NA,35.71129,NA,NA,NA,15.23293,NA,NA,110.98053,NA,38.55617,"LV1",19,"CW",0.15,2593.416641,40.47471,-121.50486,2018,554.79479
"224",NA,NA,NA,42.43285,NA,1568.92542,15.39668,NA,NA,NA,NA,10.08062,61.5944,17.67485,49.33968,NA,10.81085,"CP2",7,"CW",0.52,2244.132886,38.66169,-120.13065,2020,1760.85867
"226",21.19555,NA,12.05131,465.95059,NA,793.78912,NA,38.82234,22.03906,NA,39.90657,12.25414,75.07811,21.05948,102.30046,NA,9.03778,"LV1",13,"CW",0.15,2593.416641,40.47471,-121.50486,2018,1613.48451
"227",25.53666,NA,NA,593.83698,NA,NA,NA,26.81561,NA,NA,NA,NA,NA,13.46239,22.10063,NA,9.40888,"SQ2",9,"CW",0.39,1934.45122,36.66557,-118.83543,2021,691.16115
"229",NA,NA,27.12888,59.37583,NA,366.38852,NA,19.87164,NA,NA,25.97847,13.9346,116.6337,NA,51.09354,NA,11.16513,"LV2",10,"CW",0.3,2500.457178,40.46563,-121.51487,2018,691.57031
"230",NA,NA,27.81493,35.73802,NA,387.09464,NA,15.39573,NA,NA,25.14973,12.71755,268.4971,NA,55.23009,23.58414,27.0403,"TFC",3,"CW",0.44,1085,39.42772,-120.93623,2021,854.67809
"234",NA,38.27229,16.52837,14.15634,22.84266,452.49365,NA,NA,NA,NA,12.09259,25.00598,NA,17.5354,93.88608,NA,9.70745,"SQ2",12,"CW",0.43,1934.45122,36.66557,-118.83543,2021,702.52081
"240",43.64252,NA,NA,233.89444,NA,NA,NA,39.50008,NA,NA,NA,NA,NA,21.30409,85.27642,NA,56.79868,"CP2",14,"CW",0.41,2244.132886,38.66169,-120.13065,2020,480.41623
"241",67.24567,NA,NA,273.17181,NA,NA,NA,24.20741,NA,NA,NA,NA,NA,NA,60.65739,NA,66.0415,"CALO",18,"CW",0.33,1117.6,39.19494,-120.77055,2022,491.32378
"242",NA,NA,NA,662.06891,19.51532,NA,NA,NA,NA,NA,NA,27.97562,21.76685,NA,67.70444,NA,63.04531,"TM2",6,"CW",0.5,379.1526973,39.59255,-121.55072,2020,862.07645
"243",NA,NA,NA,99.14249,NA,1008.07733,NA,8.81228,17.34185,NA,23.61438,42.30326,NA,NA,171.38751,NA,8.94906,"LV2",8,"CW",0.04,2500.457178,40.46563,-121.51487,2018,1379.62816
"246",NA,109.89437,NA,23.58444,NA,522.19464,NA,NA,NA,NA,NA,19.21941,39.42099,19.99461,80.87325,NA,75.8355,"LV1",10,"CW",0.06,2593.416641,40.47471,-121.50486,2018,891.01721
"250",17.48316,NA,NA,1289.0813,15.39783,36.53189,NA,NA,NA,NA,NA,13.34556,108.05408,13.75869,113.23907,22.96449,36.31155,"CP2",13,"CW",0.12,2244.132886,38.66169,-120.13065,2020,1643.20313
"253",20.37601,NA,24.69839,207.93367,NA,680.93994,NA,30.69762,NA,NA,23.83221,9.31282,94.46045,10.03295,101.00033,NA,12.00209,"LV2",9,"CW",0.17,2500.457178,40.46563,-121.51487,2018,1215.28648
"254",NA,NA,NA,20.17159,NA,999.35858,NA,NA,16.65192,NA,43.20602,16.66133,55.54607,NA,26.06858,NA,37.40582,"DPR",4,"CW",0.21,1018.591893,39.22846,-120.81518,2020,1215.06991
